{"cameraMode":{"drawMode":0,"name":"Shaded","section":"Shading Mode"},"sceneLighting":false,"audioPlay":false,"sceneViewState":{"showFog":true,"showMaterialUpdate":false,"showSkybox":true,"showFlares":true,"showImageEffects":true,"showParticleSystems":true},"in2DMode":false,"pivot":{"x":-0.322723388671875,"y":-1.989741325378418,"z":1.3041391372680665},"rotation":{"x":0.37477564811706545,"y":0.12071659415960312,"z":-0.045138537883758548,"w":0.9181464910507202},"size":22.0,"orthographic":false}